time,size_sent,size_rcv 
0,14.1609375,782.62578125 
10,69.05859375,4102.08515625 
20,120.88515625,7391.365625 
23,121.9328125,7454.5953125 
