time,size_sent,size_rcv 
0,14.1609375,782.62578125 
10,54.89765625,3319.459375 
20,51.8265625,3289.28046875 
23,1.04765625,63.2296875 
