time,session 
0,978.6766339926272 
10,1575.391555708158 
20,2425.8832758637873 
23,0.0 
