time,connect,request 
0,3.9882999999999997,37.712875 
10,1.425939393939394,26.841732026143784 
20,1.2931363636363635,27.537076923076917 
23,0,45.759 
