time,connect,request 
0,7.83513982070518,38.75560569400736 
10,0.3247720822635692,29.896658455377104 
20,0.2130873264126376,24.23324947689574 
23,0,34.458 
