time,freemem@tsung_controller@ip-172-31-63-131 
0,702.22265625 
10,702.22265625 
20,702.22265625 
23,702.22265625 
