time,cpu@tsung_controller@ip-172-31-63-131 
0,3.3922067211875477 
10,0.40040040040040037 
20,1.195814648729447 
23,1.4992503748125936 
