time,cpu@tsung_controller@ip-172-31-63-131 
0,3.3922067211875477 
10,3.3922067211875477 
20,3.3922067211875477 
23,3.3922067211875477 
