time,page 
0,100.29466666666664 
10,68.67131666666668 
20,66.39235185185184 
23,91.58 
