time,page 
0,46.07659534393669 
10,36.57007187053901 
20,22.156731973523765 
23,0.0 
