time,session 
0,1087.5148333333334 
10,2189.591344827586 
20,2524.2634137931036 
23,8658.492 
