time,freemem@tsung_controller@ip-172-31-63-131 
0,702.22265625 
10,700.55859375 
20,691.5 
23,688.9375 
