time,cpu@tsung_controller@ip-172-31-63-131 
0,3.3922067211875477 
10,0.40040040040040037 
20,0.40040040040040037 
23,0.40040040040040037 
