time,connect,request 
0,4.238596075058345,26.776499513713503 
10,0.9687776034680291,29.31973342409931 
20,0.32155550668205185,26.45181841730167 
27,0,24.03 
