time,size_sent,size_rcv 
0,17.40234375,1207.00625 
10,80.71484375,6329.746875 
20,41.60859375,3343.5046875 
27,1.05390625,80.22890625 
