time,cpu@tsung_controller@ip-172-31-63-131 
0,2.748306409588327 
10,2.748306409588327 
20,2.748306409588327 
27,2.748306409588327 
