time,cpu@tsung_controller@ip-172-31-63-131 
0,2.748306409588327 
10,0.3003003003003003 
20,1.245019920318725 
27,0.25012506253126565 
