time,connect,request 
0,3.12575,29.18347916666667 
10,1.5664693877551024,30.668755555555574 
20,1.3996428571428574,31.55191000000001 
27,0,34.414 
