time,session 
0,733.034833322742 
10,945.9956693420218 
20,2363.9349939237222 
27,0.0 
