time,size_sent,size_rcv 
0,17.40234375,1207.00625 
10,98.1171875,7536.753125 
20,139.72578125,10880.2578125 
27,140.7796875,10960.48671875 
