time,freemem@tsung_controller@ip-172-31-63-131 
0,701.39453125 
10,699.109375 
20,688.625 
27,697.796875 
