time,freemem@tsung_controller@ip-172-31-63-131 
0,701.39453125 
10,701.39453125 
20,701.39453125 
27,701.39453125 
