time,session 
0,899.1075000000001 
10,1346.6747999999998 
20,3030.634076923076 
27,11836.986 
