time,page 
0,77.54455555555553 
10,78.6219772727273 
20,73.4818139534884 
27,68.897 
