time,page 
0,24.82972356811763 
10,31.290006280315932 
20,18.88794944396943 
27,0.0 
