time,cpu@tsung_controller@ip-172-31-56-84 
0,2.94465208310432 
10,0.35070140280561124 
20,1.0005002501250626 
30,1.6549648946840523 
40,2.82258064516129 
47,2.162977867203219 
