time,cpu@tsung_controller@ip-172-31-56-84 
0,2.94465208310432 
10,2.94465208310432 
20,2.94465208310432 
30,2.94465208310432 
40,2.94465208310432 
47,2.94465208310432 
