time,session 
0,1937.304727013574 
10,1905.1684944406375 
20,1418.043778199223 
30,2179.961665352398 
40,2439.3557222307763 
47,1373.934825885476 
