time,freemem@tsung_controller@ip-172-31-56-84 
0,701.9375 
10,700.546875 
20,693.75390625 
30,684.92578125 
40,650.92578125 
47,650.92578125 
