time,cpu@tsung_controller@ip-172-31-56-84 
0,2.94465208310432 
10,0.35070140280561124 
20,0.35070140280561124 
30,0.35070140280561124 
40,0.35070140280561124 
47,0.35070140280561124 
