time,session 
0,2393.2308333333335 
10,1938.8373870967741 
20,2459.359960784314 
30,3499.2534385964914 
40,10333.815430232557 
47,12182.881166666668 
