time,page 
0,139.2020714285714 
10,128.88929687499999 
20,534.0375391304349 
30,1096.8868999999997 
40,5325.314279761903 
47,4035.415525423728 
