time,page 
0,61.39009989574202 
10,81.3165020693985 
20,573.2348959743751 
30,957.4265883663544 
40,1026.7878870352592 
47,1209.7488371119043 
